{
    "parent": "block/soul_fire_lantern",
    "display": {
        "gui": {
            "rotation": [ 30, 225, 0 ],
            "translation": [ 0, 2, 0 ],
            "scale":[ 0.9, 0.9, 0.9 ]
        },
        "ground": {
            "rotation": [ 0, 0, 0 ],
            "translation": [ 0, 3, 0 ],
            "scale":[ 0.35, 0.35, 0.35 ]
        },
        "fixed": {
            "rotation": [ 0, 0, 0 ],
            "translation": [ 0, 0, 0 ],
            "scale":[ 0.75, 0.75, 0.75 ]
        },
        "thirdperson_righthand": {
            "rotation": [ 72, 0, -2.5 ],
            "translation": [ 0.5, -0.4, -1.2 ],
            "scale": [ 0.65, 0.65, 0.65 ]
        },
        "firstperson_righthand": {
            "rotation": [ 355, 30, 5 ],	
            "translation": [ 1.5, 4, 0 ],
            "scale": [ 0.60, 0.60, 0.60 ]
        },
        "firstperson_lefthand": {
            "rotation": [ 355, 210, 355 ],
            "translation": [ 1.5, 4, 0 ],
            "scale": [ 0.60, 0.60, 0.60 ]
        }
    }
}